repo_name,push_events,total_commits,total_stars,ghost_score,language,description,created_at,distinct_pushers,active_months,is_fork,has_license,html_url,topics
kpnsec/iplist,1650819,1378537,0,1650819.0,,Source EDL IP List,2023-11-02,1,12,False,False,https://github.com/kpnsec/iplist,
waqar0345/Sid,1201933,1002611,0,1201933.0,,,2024-04-27,1,12,False,False,https://github.com/waqar0345/Sid,
anubiswb/api1,976103,976093,0,976103.0,HTML,api1,2024-03-31,1,6,False,False,https://github.com/anubiswb/api11,
frdpzk3/ppub,960682,960682,0,960682.0,,,2024-12-31,1,4,False,False,https://github.com/frdpzk3/ppub,
tigerbeetle/devhubdb,851171,582890,6,942509.6,,,2024-01-22,4,12,False,False,https://github.com/tigerbeetle/devhubdb,
cdnjs/logs,1030448,1030447,13,876163.3,,📃 Package logs - The #1 free and open source CDN built to make life easier for developers. ,2020-07-29,2,9,False,True,https://github.com/cdnjs/logs,
wusiuyu/hknews,392761,308087,1,823189.1,,,2024-06-21,1,12,False,False,https://github.com/wusiuyu/hknews,
donaldsouza/current-date,363899,303723,1,762697.1,,,2020-02-13,1,12,False,False,https://github.com/donaldsouza/current-date,
Risk-DAO/simulation-results,712120,680742,0,712120.0,,,2022-10-02,1,12,False,True,https://github.com/Risk-DAO/simulation-results,
1992513/djy,493057,353499,3,705405.1,,,2022-12-30,2,10,False,False,https://github.com/1992513/djy,
davidfue/RIF-Layoff-Dataset,415574,294094,2,690253.5,,Schema and records for RIF Tracking,2025-04-19,1,8,False,True,https://github.com/davidfue/RIF-Layoff-Dataset,
daniel7grant/time,323245,266434,1,677490.3,Shell,,2024-03-09,1,12,False,False,https://github.com/daniel7grant/time,
sidarthus89/EVE-Data-Site,653020,181210,0,653020.0,JavaScript,,2025-09-06,1,4,False,True,https://github.com/sidarthus89/EVE-Data-Site,
sidarthus89/EVE-Data-Site-Dev,643623,178098,0,643623.0,HTML,,2025-09-06,1,4,False,False,https://github.com/sidarthus89/EVE-Data-Site-Dev,
milesholt/autotrade1,302090,302090,1,633151.4,JavaScript,Auto trading app using IG api,2020-03-15,1,8,False,False,https://github.com/milesholt/autotrade1,
HughODwyer90/hugh.casa,617574,551385,0,617574.0,HTML,,2024-12-24,1,12,False,False,https://github.com/HughODwyer90/hugh.casa,
APKs-dl/RenGO,606447,510075,0,606447.0,,,2024-05-27,1,12,False,False,https://github.com/APKs-dl/RenGO,
ruef/ass,508686,399271,0,508686.0,Dockerfile,,2024-12-16,1,8,False,False,https://github.com/ruef/ass,auto; auto-commit; fill-contributions; github-actions
Damirinho9/New-repository,238321,238321,1,499497.8,HTML,,2024-08-22,1,9,False,False,https://github.com/Damirinho9/New-repository,
aliahmt83/.-solitary.,491702,303721,0,491702.0,,,2023-03-05,1,12,False,False,https://github.com/aliahmt83/.-solitary.,
vpnsuperapp/fast,231012,195448,1,484178.8,,Hello,2023-11-02,1,12,False,True,https://github.com/vpnsuperapp/fast,n
mario-97/proyecto-cripto-data,468168,263835,0,468168.0,,"Save data criptos for ""project-website-cripto""",2025-07-15,1,6,False,False,https://github.com/mario-97/proyecto-cripto-data,
xiaoandy1974g/gdl,466660,243081,0,466660.0,,,2025-08-14,1,5,False,False,https://github.com/xiaoandy1974g/gdl,
traosn/ServerHealthStatus,464222,276588,0,464222.0,HTML,To hold Server Health Statistics to be upload via PowerShell script.,2025-08-11,1,4,False,False,https://github.com/traosn/ServerHealthStatus,
Lesleybs2/datateam_zones,455493,397914,0,455493.0,,"NOTE THIS IS PUBLIC DONT POST ANYTHING PRIVATE IN HERE, ITS ON PURPOUSE",2024-12-06,1,12,False,False,https://github.com/Lesleybs2/datateam_zones,
absgeoviz/sicada,213685,164757,1,447863.1,HTML,predikSI cuaCA aDAro,2024-10-01,1,12,False,False,https://github.com/absgeoviz/sicada,
hobakpi/Pi-Monitor,432680,25475,0,432680.0,,,2025-08-28,1,4,False,False,https://github.com/hobakpi/Pi-Monitor,
marcgoebel/Finanzanalyse-projekt,204399,156477,1,428400.5,Python,,2025-03-09,1,9,False,False,https://github.com/marcgoebel/Finanzanalyse-projekt,
pmrappelet/Demo,203964,201307,1,427488.8,,,2022-06-23,1,12,False,False,https://github.com/pmrappelet/Demo,
bugbounted/auto-commit,457602,391308,13,389087.2,,"🌳 Making green your Github stats, powered by Github Actions",2023-07-19,1,12,False,True,https://github.com/bugbounted/auto-commit,
Elunard/GTScript,385829,287432,0,385829.0,DIGITAL Command Language,,2024-10-01,1,12,False,False,https://github.com/Elunard/GTScript,
LaTribuWeb3/risk-data-repo,382556,382556,0,382556.0,,,2023-12-18,1,8,False,False,https://github.com/LaTribuWeb3/risk-data-repo,
1992513/ntdtv,406380,308063,10,376563.3,,,2022-12-30,2,10,False,False,https://github.com/1992513/ntdtv,
globalimagess/nvperp,374879,284625,0,374879.0,,,2024-09-19,1,12,False,False,https://github.com/globalimagess/nvperp,
RaglemL/target,369488,307811,0,369488.0,Shell,Automate GCP tasks for data migrations.,2024-02-28,1,12,False,False,https://github.com/RaglemL/target,
alexTvirus/bookmark_title,369241,307600,0,369241.0,,,2024-03-28,1,12,False,False,https://github.com/alexTvirus/bookmark_title,
RaglemL/source,368841,307794,0,368841.0,Shell,Automate GCP tasks for data migrations.,2024-02-28,1,12,False,False,https://github.com/RaglemL/source,
Vsonneveld/foroxity-genres,361386,300303,0,361386.0,,,2023-04-09,1,12,False,False,https://github.com/Vsonneveld/foroxity-genres,
Alhasan-softwear/simple,350296,293136,0,350296.0,,,2024-07-16,1,12,False,False,https://github.com/Alhasan-softwear/simple,
jmp1016/cm_eps,349221,291869,0,349221.0,,,2024-07-22,1,12,False,False,https://github.com/jmp1016/cm_eps,
devpoole2907/helldivers-api-cache,162380,158621,1,340332.8,,For caching data from the Helldivers 2 api for War Monitor for Helldivers 2,2024-03-17,2,12,False,False,https://github.com/devpoole2907/helldivers-api-cache,
supermobiteam2/Tizi,338002,338001,0,338002.0,Roff,FIRST,2025-08-11,1,8,False,False,https://github.com/supermobiteam2/Tizi,
cjchandler/last_update_repo,161239,121360,1,337941.3,Python,last update for lots for projects. used in alarm script on python anywhere,2024-12-16,1,12,False,False,https://github.com/cjchandler/last_update_repo,
Chroiud/playercount,323929,323929,0,323929.0,,,2024-06-28,1,5,False,False,https://github.com/Chroiud/playercount,
feedarchive/libera-newsbot-live,249818,221079,5,295608.3,,Live posts of NewsBot on Libera.Chat,2020-06-18,1,12,False,False,https://github.com/feedarchive/libera-newsbot-live,
yuuk-64-gi-0/unofficial_LiveSchedule_Data,140951,140998,1,295419.7,,,2023-11-14,1,5,False,False,https://github.com/yuuk-64-gi-0/unofficial_LiveSchedule_Data,
ucla-physicalsciences/cta-psct.physics.ucla.edu,176200,146119,2,292661.9,HTML,,2022-12-22,1,12,False,False,https://github.com/ucla-physicalsciences/cta-psct.physics.ucla.edu,
nrwall/flights,135391,78980,1,283766.4,,Delta Flights San Antonio,2024-07-18,1,7,False,False,https://github.com/nrwall/flights,
rah-nejat/Azadi,276227,106994,0,276227.0,JavaScript,,2024-07-04,1,7,False,False,https://github.com/rah-nejat/Azadi,
MaybeNotWrong/lc-sep,128276,111936,1,268854.1,,,2021-01-18,1,12,False,False,https://github.com/MaybeNotWrong/lc-sep,
Hannahejacruw3/DeFiSecurityAuditor,202528,197008,4,260268.2,,SmartContractScanner is an automated tool for scanning smart contracts on a wide range of DeFi platforms,2024-12-31,1,10,False,True,https://github.com/Hannahejacruw3/DeFiSecurityAuditor,airdrops-searcher; blockchain; blockchain-explorer; defi; ethereum; nfts; scaner; search; solana
KaelLim/JSONFile,255494,255494,0,255494.0,,,2023-11-14,1,7,False,False,https://github.com/KaelLim/JSONFile,
Ilikectrlmusic/auto_ip,239374,239374,0,239374.0,,,2024-11-09,1,6,False,False,https://github.com/Ilikectrlmusic/auto_ip,
frindler/repo-kavi,238001,158400,0,238001.0,,Divversion repo 'repo-kavi',2024-10-07,2,5,False,False,https://github.com/frindler/repo-kavi,
ScoreTVApp/livescoretvdata,234608,213521,0,234608.0,,,2024-06-12,1,11,False,False,https://github.com/ScoreTVApp/livescoretvdata,
Helikopter-Bojowy/Exp-na-helikopterze,220896,168529,7,231488.3,,Jak coś to bot do discorda jest,2021-03-27,1,12,False,False,https://github.com/Helikopter-Bojowy/Exp-na-helikopterze,
elmalba/data,227521,216072,0,227521.0,,,2024-03-29,1,8,False,False,https://github.com/elmalba/data,
Fuuhou/tes,227162,227156,0,227162.0,,,2024-08-18,1,7,False,False,https://github.com/Fuuhou/tes,
kuu/awscdk-app-automated-caption-placement-demo,106479,89521,1,223169.7,TypeScript,AWS CDK app for deploying the necessary resources for the automated caption placement demo,2024-09-26,1,12,False,True,https://github.com/kuu/awscdk-app-automated-caption-placement-demo,
BlockNG-Foundation/KudosScan,104309,89212,1,218621.6,,Scan info for Kudos,2022-08-10,1,12,False,False,https://github.com/BlockNG-Foundation/KudosScan,
WorldHealthOrganization/tng-cdn-uat,205043,378977,0,205043.0,,GDHCN project,2024-03-26,4,11,False,False,https://github.com/WorldHealthOrganization/tng-cdn-uat,
mrantonyara/iOSWidgetUniversam,204320,154847,0,204320.0,,,2024-01-08,1,12,False,False,https://github.com/mrantonyara/iOSWidgetUniversam,
GPREVI/ListaBanida,204265,204265,0,204265.0,,,2024-06-18,1,6,False,False,https://github.com/GPREVI/ListaBanida,
Saleh7/BadTrafficData,182868,170428,6,202491.4,,"Data repository for identifying bad traffic based on URLs, IPs, and user agents extracted from server logs.",2024-11-22,1,12,False,True,https://github.com/Saleh7/BadTrafficData,
rmhp-electrical/status,196836,192249,0,196836.0,HTML,,2024-08-29,1,10,False,False,https://github.com/rmhp-electrical/status,
SenpaiSharp/Yuri-Feed-Skeleton,188561,188580,0,188561.0,HTML,,2025-01-09,1,11,False,False,https://github.com/SenpaiSharp/Yuri-Feed-Skeleton,
nadiva-anggraini/github-commit,188058,189049,0,188058.0,,,2024-09-26,2,9,False,False,https://github.com/nadiva-anggraini/github-commit,
absgeoviz/dummy_data,182471,175470,0,182471.0,HTML,this is dummy data for testing,2024-01-06,1,12,False,False,https://github.com/absgeoviz/dummy_data,
PotatoesSkill/2,180369,150961,0,180369.0,HTML,a,2023-02-24,1,12,False,False,https://github.com/PotatoesSkill/2,
dalialabs/ba35cac18e56e1c1b6f2,179948,150370,0,179948.0,,,2023-04-05,1,12,False,False,https://github.com/dalialabs/ba35cac18e56e1c1b6f2,
b74laser/LakeShore,179540,142247,0,179540.0,,,2024-05-28,1,10,False,False,https://github.com/b74laser/LakeShore,
seragu9/botch,84480,84480,1,177061.9,Python,chbot,2023-04-12,1,5,False,False,https://github.com/seragu9/botch,
ctrl-i/cwx,176452,104092,0,176452.0,,,2024-11-23,1,12,False,False,https://github.com/ctrl-i/cwx,
TalibAzir/AllahPadishah,83940,83940,1,175930.1,,,2017-09-11,1,8,False,False,https://github.com/TalibAzir/AllahPadishah,
supervpnops/sl_for_ios_greenapp,83173,83173,1,174322.6,,,2022-08-03,1,4,False,False,https://github.com/supervpnops/sl_for_ios_greenapp,
Reloaded-Project/Reloaded-II.Index,80582,70454,1,168892.1,,"Index for update library related operations, such as searching for mods.",2022-08-10,1,12,False,False,https://github.com/Reloaded-Project/Reloaded-II.Index,
moutonh/Pioneer,165804,135923,0,165804.0,,,2024-12-12,1,12,False,False,https://github.com/moutonh/Pioneer,
ImpactCoding/rr-player-database,98025,81801,2,162816.0,JavaScript,,2024-09-10,1,12,False,False,https://github.com/ImpactCoding/rr-player-database,
WorldHealthOrganization/tng-cdn-dev,161149,312519,0,161149.0,Python,GDHCN project,2024-03-26,5,12,False,False,https://github.com/WorldHealthOrganization/tng-cdn-dev,
tradingview/scanner-check,157774,129053,8,157774.0,,,2022-11-03,6,12,False,False,https://github.com/tradingview/scanner-check,
DrXSolutions8/Image-Dr.X-Solution-8,155475,142944,0,155475.0,,,2024-12-13,1,12,False,False,https://github.com/DrXSolutions8/Image-Dr.X-Solution-8,
DrXSolutions4/Image-Dr.X-Solution-4,155465,143042,0,155465.0,,,2024-12-13,1,12,False,False,https://github.com/DrXSolutions4/Image-Dr.X-Solution-4,
MrTuoi/Image-Dr.X-Solutions,155413,143027,0,155413.0,,Nơi lưu trữ tạm thời hình ảnh sản phẩm của khách hàng.,2024-12-11,1,12,False,False,https://github.com/MrTuoi/Image-Dr.X-Solutions,
DrXSolutions/Image-Dr.X-Solution-2,155384,143054,0,155384.0,,,2024-12-13,1,12,False,False,https://github.com/DrXSolutions/Image-Dr.X-Solution-2,
DrXSolutions2/Image-Dr.X-Solution-3,155350,142936,0,155350.0,,,2024-12-13,1,12,False,False,https://github.com/DrXSolutions2/Image-Dr.X-Solution-3,
DrXSolutions6/Image-Dr.X-Solution-6,155073,142690,0,155073.0,,,2024-12-13,1,12,False,False,https://github.com/DrXSolutions6/Image-Dr.X-Solution-6,
cimBrandon/Data,155062,129587,0,155062.0,,,2024-12-09,1,12,False,False,https://github.com/cimBrandon/Data,
DrXSolutions9/Image-Dr.X-Solution-9,155012,142654,0,155012.0,,,2024-12-13,1,12,False,False,https://github.com/DrXSolutions9/Image-Dr.X-Solution-9,
DrXSolutions10/Image-Dr.X-Solution-10,155006,142673,0,155006.0,,,2024-12-13,1,12,False,False,https://github.com/DrXSolutions10/Image-Dr.X-Solution-10,
DrXSolutions7/Image-Dr.X-Solution-7,155001,142631,0,155001.0,,,2024-12-13,1,12,False,False,https://github.com/DrXSolutions7/Image-Dr.X-Solution-7,
DrXSolutions5/Image-Dr.X-Solution-5,154509,142145,0,154509.0,,,2024-12-13,1,12,False,False,https://github.com/DrXSolutions5/Image-Dr.X-Solution-5,
Daviddasklarist/Blitzer.Map,72402,60427,1,151747.6,HTML,,2024-12-02,1,12,False,False,https://github.com/Daviddasklarist/Blitzer.Map,
nhan0o22/proxy,156794,157497,9,150561.8,,,2024-10-13,1,5,False,False,https://github.com/nhan0o22/proxy,
regro-staging/cf-graph-countyfair,148696,110537,0,148696.0,,,2024-12-05,2,11,False,False,https://github.com/regro-staging/cf-graph-countyfair,
genkin-he/news,70041,58091,1,146799.2,Python,,2024-06-03,2,12,False,True,https://github.com/genkin-he/news,
altinsoft/public-repo,144848,120271,0,144848.0,RouterOS Script,ALTINSOFT Public Repo,2022-10-19,1,12,False,False,https://github.com/altinsoft/public-repo,
duzaq/respeitoPet,142932,140780,0,142932.0,,,2024-12-13,1,12,False,False,https://github.com/duzaq/respeitoPet,
veloceapps/veloce-releases,142006,142006,0,142006.0,Shell,,2022-05-27,1,5,False,False,https://github.com/veloceapps/veloce-releases,
bgrgicak/Playground-compatibility-reports,139798,1257607,0,139798.0,,Reports and logs genereated by the Playground tester.,2024-12-05,1,10,False,False,https://github.com/bgrgicak/Playground-compatibility-reports,
FelipeBaglioliUFPR/pollution_parana,137973,132435,0,137973.0,HTML,Map for air pollution (PM2.5) in parana,2024-04-30,1,12,False,False,https://github.com/FelipeBaglioliUFPR/pollution_parana,
Nerkhasar/public,136614,136614,0,136614.0,HTML,,2025-07-05,1,7,False,False,https://github.com/Nerkhasar/public,
Bogdan4308/Krokus,134599,134591,0,134599.0,Lua,,2024-08-17,1,9,False,False,https://github.com/Bogdan4308/Krokus,
Asylumbrain/image-storag,134506,134406,0,134506.0,,,2025-07-05,1,4,False,False,https://github.com/Asylumbrain/image-storag,
cjchandler/incubator,133963,134129,0,133963.0,Python,controls and data logging from egg incubator,2024-10-07,1,5,False,False,https://github.com/cjchandler/incubator,
mixman1177/live,79568,79567,2,132159.6,,,2023-12-01,1,6,False,False,https://github.com/mixman1177/live,
hotspotlab/super,131867,131867,0,131867.0,,,2023-12-15,2,7,False,False,https://github.com/hotspotlab/super,
aalimas/MEMPTV3,130146,125745,0,130146.0,HTML,,2025-01-14,1,12,False,False,https://github.com/aalimas/MEMPTV3,
nowinotfound/deploy-serv,130119,74516,0,130119.0,,,2025-06-24,2,7,False,False,https://github.com/nowinotfound/deploy-serv,
supershell2019/images,129963,108712,0,129963.0,,,2022-05-07,1,12,False,False,https://github.com/supershell2019/images,
krot4u/Public_scripts,88935,73986,3,127237.2,PHP,,2023-01-30,1,12,False,False,https://github.com/krot4u/Public_scripts,
lbunproject/BASEswap-api-price,124921,104352,0,124921.0,HTML,Chart Prices for LBUN on Terra2,2023-01-31,1,12,False,False,https://github.com/lbunproject/BASEswap-api-price,
ChiesiMario/RSS-Feed,86261,86260,3,123411.6,,我的個人 RSS Feed 。,2024-04-13,1,9,False,False,https://github.com/ChiesiMario/RSS-Feed,
digitalocean-e2e/apps-deploy-on-push,58689,50032,1,123006.5,Dockerfile,,2020-07-10,2,12,False,False,https://github.com/digitalocean-e2e/apps-deploy-on-push,
bagrounds/obsidian-github-publisher-sync,58639,56597,1,122901.7,TypeScript,,2024-04-15,2,12,False,False,https://github.com/bagrounds/obsidian-github-publisher-sync,utterances
snowmapofficial/reports,57356,44439,1,120212.6,HTML,Avalanche reports PDF repository,2023-12-20,1,12,False,False,https://github.com/snowmapofficial/reports,
Emrithebq6Op/Open,57012,35748,1,119491.6,,Crypto guide! Watch YouTube.,2025-07-11,1,6,False,True,https://github.com/Emrithebq6Op/Open,arbitrage; auto; bot; code; crypto; earning; free; gain; guide; income; learn; open; source; tutorial; youtube
441123099/batch-a-lots-of-things,119095,71770,0,119095.0,,,2025-08-23,1,5,False,False,https://github.com/441123099/batch-a-lots-of-things,
mirvoxenilKQJ/Passivetrade,56813,35629,1,119074.6,,Crypto tutorial! YouTube guide.,2025-07-11,1,6,False,True,https://github.com/mirvoxenilKQJ/Passivetrade,auto; bot; cash; code; crypto; free; gain; guide; income; profit; smart; source; trade; tutorial; youtube
eliotblow/long-term-care-docs,118826,4074,0,118826.0,,儲放社區長照顧問服務的google文件,2025-09-16,1,4,False,False,https://github.com/eliotblow/long-term-care-docs,
ZalthorqomY1F/Trade,56658,35539,1,118749.7,,Smart gain! YouTube video.,2025-07-11,1,6,False,True,https://github.com/ZalthorqomY1F/Trade,auto; bot; cash; code; crypto; earning; free; gain; guide; income; open; profit; trade; tutorial; youtube
PotatoesSkill/artsyglitchtxt,118441,98727,0,118441.0,,,2024-08-09,1,12,False,False,https://github.com/PotatoesSkill/artsyglitchtxt,
MirathorllfqX4/Arbitrage_Trade,56463,35148,1,118341.0,,Trade bot! View on YouTube.,2025-07-12,1,6,False,True,https://github.com/MirathorllfqX4/Arbitrage_Trade,code; crypto; earning; free; gain; guide; income; learn; passive; profit; smart; source; trade; tutorial; youtube
Ignara05GLwI/Trade_Bot,56370,35281,1,118146.1,,Smart profits! Watch YouTube.,2025-07-12,1,6,False,True,https://github.com/Ignara05GLwI/Trade_Bot,auto; bot; cash; code; crypto; earning; free; income; open; passive; profit; smart; source; tutorial; youtube
Vormirarp404fov/Crypto_Step,56066,34984,1,117508.9,,Passive tutorial! Watch YouTube.,2025-07-12,1,6,False,True,https://github.com/Vormirarp404fov/Crypto_Step,arbitrage; auto; cash; code; crypto; earning; free; guide; income; learn; open; smart; source; trade; youtube
welcom1985/thapcam,70689,60103,2,117411.9,,,2024-11-25,1,12,False,False,https://github.com/welcom1985/thapcam,
dekhopro/dekho,115783,69522,0,115783.0,HTML,,2024-03-09,1,11,False,False,https://github.com/dekhopro/dekho,
galoshy/boots,115456,180,0,115456.0,,,2025-09-21,1,4,False,False,https://github.com/galoshy/boots,
anubiswb/api11,114083,111748,0,114083.0,HTML,api1,2024-03-31,1,6,False,False,https://github.com/anubiswb/api11,
RantuchoM/OFRN,113061,100240,0,113061.0,JavaScript,,2023-11-15,1,12,False,False,https://github.com/RantuchoM/OFRN,
Yneth/funny,53772,48671,1,112700.9,,,2023-03-26,1,10,False,False,https://github.com/Yneth/funny,
dannws/keywords,53290,53290,1,111690.7,,,2024-11-27,1,8,False,False,https://github.com/dannws/keywords,
photo2story/my-flask-app,109160,87304,0,109160.0,JavaScript,my-flask-app,2024-09-20,1,12,False,True,https://github.com/photo2story/my-flask-app,
selenium-sso-user/github-project,51514,43802,1,107968.4,,,2017-05-15,1,12,False,False,https://github.com/selenium-sso-user/github-project,
rawmean/stocks,106896,106896,0,106896.0,HTML,,2024-09-13,1,7,False,False,https://github.com/rawmean/stocks,
smartcampusutp/SmartCampus_UTP,106509,12026,0,106509.0,Python,Dashboard proyecto Smart Campus,2025-09-15,1,4,False,False,https://github.com/smartcampusutp/SmartCampus_UTP,
paulosabayomi/threads-files,49946,45452,1,104682.0,,,2024-09-06,1,12,False,False,https://github.com/paulosabayomi/threads-files,
bittumon/iveco,103285,79884,0,103285.0,,,2023-11-14,1,12,False,True,https://github.com/bittumon/iveco,
allinoneapps/repo,48304,40437,1,101240.5,HTML,Common items across all apps,2016-10-08,1,12,False,False,https://github.com/allinoneapps/repo,
lucamorara/Livello-Fiumi-Anagrafiche,47257,39231,1,99046.1,,Contiene le anagrafiche aggiornate e formattate di tutti gli idrometri,2024-11-01,1,12,False,False,https://github.com/lucamorara/Livello-Fiumi-Anagrafiche,
monetheistmd/WEB_DATABASE,47155,47149,1,98832.3,,,2025-05-21,1,7,False,True,https://github.com/monetheistmd/WEB_DATABASE,
rgnq520/wzaz259,98464,98465,0,98464.0,,,2023-06-12,1,10,False,False,https://github.com/rgnq520/wzaz259,
Bytez-com/models,108849,109315,11,97715.0,,,2024-08-21,2,11,False,False,https://github.com/Bytez-com/models,
turgut090/traffic,58749,47164,2,97580.0,,,2024-11-09,1,12,False,False,https://github.com/turgut090/traffic,
feralEndre/sensorinfov2,46165,35719,1,96757.4,,,2022-06-16,1,10,False,False,https://github.com/feralEndre/sensorinfov2,
AnriEU/tg,91146,78340,7,95516.6,,files for telegram content management bot,2022-11-23,1,12,False,False,https://github.com/AnriEU/tg,telegram; telegram-android; telegram-api; telegram-api-json; telegram-bot; telegram-bot-api; telegram-channel; telegram-desktop; telegram-group; telegram-userbot; telegrambot
gripped/archpkgbuilds,95178,88826,0,95178.0,Shell,,2023-06-03,1,12,False,False,https://github.com/gripped/archpkgbuilds,
jurikri/webhosting,95091,78173,0,95091.0,,,2024-01-11,1,12,False,False,https://github.com/jurikri/webhosting,
VesrithbimfbM/Learnprofit,57013,35839,2,94696.5,,Code profits! Watch YouTube.,2025-07-11,1,6,False,True,https://github.com/VesrithbimfbM/Learnprofit,arbitrage; auto; bot; cash; code; earning; free; gain; guide; income; passive; smart; source; trade; youtube
8quovanejrbnDj/Passivesource,56936,35500,2,94568.6,,Learn arbitrage! YouTube tutorial.,2025-07-11,1,6,False,True,https://github.com/8quovanejrbnDj/Passivesource,arbitrage; bot; code; crypto; earning; free; gain; guide; income; open; passive; smart; trade; tutorial; youtube
anoop-kmr/ltdinia,94344,88994,0,94344.0,Python,,2022-08-24,1,12,False,False,https://github.com/anoop-kmr/ltdinia,
Tevrinyjmbj6/Crypto,56701,35675,2,94178.3,,Learn arbitrage! YouTube tutorial.,2025-07-11,1,6,False,True,https://github.com/Tevrinyjmbj6/Crypto,arbitrage; auto; bot; cash; code; crypto; free; guide; learn; open; passive; profit; smart; trade; tutorial
Aveldorh9FBi/Eth_Script,56437,35180,2,93739.8,,Learn arbitrage! YouTube tutorial.,2025-07-12,1,6,False,True,https://github.com/Aveldorh9FBi/Eth_Script,arbitrage; auto; bot; code; crypto; earning; free; gain; guide; learn; profit; source; trade; tutorial; youtube
ylvanekcp56cdC/Eth_Trade,56359,35202,2,93610.3,,Code profits! Watch YouTube.,2025-07-12,1,6,False,True,https://github.com/ylvanekcp56cdC/Eth_Trade,arbitrage; bot; code; crypto; earning; free; gain; guide; income; open; passive; smart; source; tutorial; youtube
dewey-k/alphaco2,93405,53566,0,93405.0,Jupyter Notebook,,2024-09-25,1,12,False,False,https://github.com/dewey-k/alphaco2,
Taldrenqgi3ie/Crypto_Signal,56132,35000,2,93233.2,,Trade profits! YouTube video.,2025-07-12,1,6,False,True,https://github.com/Taldrenqgi3ie/Crypto_Signal,cash; code; crypto; earning; gain; guide; income; learn; open; passive; profit; smart; source; trade; youtube
NelthirnqcAAL/Trade_Script,55811,34634,2,92700.1,,Learn trading! YouTube video.,2025-07-12,1,6,False,True,https://github.com/NelthirnqcAAL/Trade_Script,arbitrage; auto; crypto; earning; gain; guide; income; learn; open; profit; smart; source; trade; tutorial; youtube
emassobrarbe/webcams,92307,35217,0,92307.0,HTML,Repositorio para las webcams de EMAs Sobrarbe,2025-08-03,1,5,False,False,https://github.com/emassobrarbe/webcams,
PotatoesSkill/zelf,91155,85314,0,91155.0,HTML,,2023-12-09,1,12,False,False,https://github.com/PotatoesSkill/zelf,
andreiraduta11/bet-etf,98181,84345,10,90977.3,Python,"This repository consists of a transaction order calculator. Its purpose is to help investors better copy the BET index, ie. the behavior of the Romanian stock market.",2020-07-14,1,12,False,True,https://github.com/andreiraduta11/bet-etf,
Mead-Informatica/IOC,62867,53924,3,89942.3,,,2022-01-12,5,12,False,False,https://github.com/Mead-Informatica/IOC,
geosdi/mappe_scenari_sismici,87898,74863,0,87898.0,,,2023-10-04,1,12,False,False,https://github.com/geosdi/mappe_scenari_sismici,
officenne/Public,41873,39664,1,87761.8,Dart,,2020-08-06,1,12,False,False,https://github.com/officenne/Public,
updata2/taoanhfree,86560,25728,0,86560.0,,,2025-09-06,1,4,False,False,https://github.com/updata2/taoanhfree,
89264759482ss/getip,86141,66899,0,86141.0,PowerShell,Save and get ip adress of UK server,2023-09-07,1,12,False,False,https://github.com/89264759482ss/getip,
Tempest-Solutions-Company/threat-feeds,80596,48963,7,84460.7,,"A transparent, community-first repository of curated threat feeds in .txt and .json formats. Built from real-world firewall logs and IDS/IPS alerts from our network, these datasets help sysadmins defe",2025-07-06,1,6,False,False,https://github.com/Tempest-Solutions-Company/threat-feeds,cyber-security; cybersecurity; information-exchange; information-security; intelligence; security; threat; threat-detection; threat-intelligence; threat-sharing; threatintel
lilyxseo/push-commit,83272,96661,0,83272.0,,,2024-12-12,1,4,False,False,https://github.com/lilyxseo/push-commit,
UCSF-HPC/wynton-slash2,83067,68863,0,83067.0,Shell,,2018-12-18,1,6,False,False,https://github.com/UCSF-HPC/wynton-slash2,
RERE1515rere1515/SHARAWOZ,83004,83004,0,83004.0,,,2025-04-28,1,6,False,False,https://github.com/RERE1515rere1515/SHARAWOZ,
mtaras0/rates,81826,65437,0,81826.0,HTML,,2023-04-10,1,12,False,False,https://github.com/mtaras0/rates,
sdsfsag/Windows-Porn-Blocker,81477,81477,0,81477.0,Roff,An advanced Porn Blocker for Windows,2024-08-14,1,8,False,False,https://github.com/sdsfsag/Windows-Porn-Blocker,
Pgarvithuvf69TB/Bot_Script,56402,35137,3,80693.0,,Trade bot! View on YouTube.,2025-07-12,1,6,False,True,https://github.com/Pgarvithuvf69TB/Bot_Script,arbitrage; bot; cash; code; crypto; earning; free; gain; guide; income; learn; passive; smart; source; tutorial
Norvithwad43IqR/Ether_Tip,56289,35072,3,80531.4,,Passive income! YouTube guide.,2025-07-12,1,6,False,True,https://github.com/Norvithwad43IqR/Ether_Tip,arbitrage; auto; cash; code; crypto; earning; free; guide; income; learn; passive; profit; trade; tutorial; youtube
erasmus-without-paper/ewp-registry-log-prod,37851,34521,1,79332.0,,A record of changes made to the Registry's catalogue.,2019-12-03,1,12,False,False,https://github.com/erasmus-without-paper/ewp-registry-log-prod,
richardqnguyen/personal,78547,62464,0,78547.0,,,2025-03-09,1,10,False,False,https://github.com/richardqnguyen/personal,
Nerkhasar/public,77556,49424,0,77556.0,HTML,,2025-07-05,1,6,False,False,https://github.com/Nerkhasar/public,
colarussoa/image-host,77265,54024,0,77265.0,,,2025-05-06,1,7,False,False,https://github.com/colarussoa/image-host,
Pluani/ygoanihelpbanlists,36858,17661,1,77250.8,,,2025-07-06,1,6,False,False,https://github.com/Pluani/ygoanihelpbanlists,
SeanFDZ/environmental-station,77182,46893,0,77182.0,HTML,"Real-time environmental monitoring station combining weather, aviation, and seismic data",2025-06-18,1,7,False,False,https://github.com/SeanFDZ/environmental-station,
fullfeeds/feeds,36636,28122,1,76785.5,,,2020-12-25,1,12,False,False,https://github.com/fullfeeds/feeds,
praticbouticpublic/backend,75519,75487,0,75519.0,Java,,2025-07-29,1,6,False,False,https://github.com/praticbouticpublic/backend,
gamesbykevin/placeholder,44868,33409,2,74524.1,,placeholder repo for testing,2019-04-22,1,12,False,False,https://github.com/gamesbykevin/placeholder,
iChris/microblogarchive,35198,35198,1,73771.6,HTML,An archive of my microblog website - https://microblog.chrisenns.com,2022-12-08,1,9,False,True,https://github.com/iChris/microblogarchive,
api-onlines/matchs-today,73404,61958,0,73404.0,,,2024-12-23,1,12,False,False,https://github.com/api-onlines/matchs-today,
booneema/CAD,73069,60826,0,73069.0,HTML,,2024-10-13,1,12,False,False,https://github.com/booneema/CAD,
ZavithfpYmA/Auto_Hack,55976,34889,4,71934.6,,Start trading! View on YouTube.,2025-07-12,1,6,False,True,https://github.com/ZavithfpYmA/Auto_Hack,arbitrage; auto; cash; code; crypto; free; gain; guide; income; open; passive; profit; smart; trade; tutorial
MrCreepTon/SampReborn,34098,28307,1,71466.1,,,2023-09-10,1,12,False,False,https://github.com/MrCreepTon/SampReborn,
extremelystiff/sandstormplayercount,70383,58180,0,70383.0,HTML,,2024-05-13,1,12,False,False,https://github.com/extremelystiff/sandstormplayercount,
9851392751/4079638272,69766,58655,0,69766.0,,,2024-12-05,1,12,False,False,https://github.com/9851392751/4079638272,
miltonscard/umap-dados,67655,48509,0,67655.0,HTML,,2025-08-10,1,4,False,False,https://github.com/miltonscard/umap-dados,
ivantsonevsky/json,67254,127229,0,67254.0,,,2023-06-20,1,12,False,False,https://github.com/ivantsonevsky/json,
alleofortinet/blocklist,66756,55513,0,66756.0,,,2024-09-05,1,12,False,False,https://github.com/alleofortinet/blocklist,
EthTrader/topic-limiting,66499,55569,0,66499.0,,,2024-07-25,1,12,False,True,https://github.com/EthTrader/topic-limiting,
AIGoalie/AI-Goalie,66366,62377,0,66366.0,HTML,,2026-02-28,1,12,False,False,https://github.com/AIGoalie/AI-Goalie,
egorshulga/muenchen-baeder,66289,48039,0,66289.0,,,2025-04-05,1,9,False,True,https://github.com/egorshulga/muenchen-baeder,
btcgpt/data,66245,55378,0,66245.0,,,2023-04-19,1,12,False,False,https://github.com/btcgpt/data,
okielife/TempSensors,64917,55057,0,64917.0,Python,,2023-08-05,2,12,False,False,https://github.com/okielife/TempSensors,
EYEFRONT/anyway,30844,8835,1,64646.0,,anyway content for public,2021-11-08,1,12,False,False,https://github.com/EYEFRONT/anyway,
tomtenuta/ad-previews,63862,61867,0,63862.0,,Ad Previews,2023-06-11,1,12,False,False,https://github.com/tomtenuta/ad-previews,
Nephasia/containerTemperature,30384,25820,1,63681.9,,,2021-05-01,1,12,False,False,https://github.com/Nephasia/containerTemperature,
gemabintang3108-prog/Dbtang,63609,63599,0,63609.0,Jupyter Notebook,Dbtang,2025-08-07,1,4,False,False,https://github.com/gemabintang3108-prog/Dbtang,
Sumon0096/ghd,62098,46006,0,62098.0,,,2024-08-03,1,12,False,False,https://github.com/Sumon0096/ghd,
974steph/domo,62033,56489,0,62033.0,CSS,,2023-11-15,1,11,False,False,https://github.com/974steph/domo,
cubeca/cube-gov.public,61463,61463,0,61463.0,,,2024-08-16,1,8,False,False,https://github.com/cubeca/cube-gov.public,
concierge-at/pv-energy,61348,40084,0,61348.0,,Actual Energy,2025-05-01,1,8,False,False,https://github.com/concierge-at/pv-energy,
supermobiteam2/Tizi,61148,38543,0,61148.0,Roff,FIRST,2025-08-11,2,5,False,False,https://github.com/supermobiteam2/Tizi,
Fedric-Reform/Special-Treatment,60933,22875,0,60933.0,Python,,2025-07-31,1,5,False,False,https://github.com/rfrm-dao/Special-Treatment,
VitaliiTro/telegram_web_agent,29071,29089,1,60930.0,JavaScript,telegram_web_agent,2024-11-01,1,8,False,False,https://github.com/VitaliiTro/telegram_web_agent,
supervpnops/sl_for_ios_obfuscation,60756,60756,0,60756.0,,server list for ios with obfuscation,2022-08-23,1,8,False,False,https://github.com/supervpnops/sl_for_ios_obfuscation,
RioMMO/ProxyFree,57264,41428,7,60009.9,,Config files for my GitHub profile.,2025-04-21,1,9,False,False,https://github.com/RioMMO/ProxyFree,freeproxy; proxy; proxy-checker; proxy-list; proxy-scraper
breathium/wildfire,59944,51058,0,59944.0,HTML,,2024-05-24,2,12,False,False,https://github.com/breathium/wildfire,
ArgoConfBot/ARG,59777,50187,0,59777.0,,,2022-11-26,1,12,False,False,https://github.com/ArgoConfBot/ARG,
ZiecThanh09/dumping-database,59353,59353,0,59353.0,,,2024-12-27,1,5,False,False,https://github.com/ZiecThanh09/dumping-database,
Reqrefusion/FreeCAD-Documentation-html,35229,23925,2,58514.1,HTML,"To make changes, go to https://github.com/Reqrefusion/FreeCAD-Documentation-Project.",2024-11-30,1,12,False,True,https://github.com/Reqrefusion/FreeCAD-Documentation-html,addons; freecad; workbench
cfc-pretorian/ip-maliciosa,27842,27360,1,58354.1,,,2024-08-08,2,12,False,False,https://github.com/cfc-pretorian/ip-maliciosa,
vinicius05051993/turing-integrator,55317,53864,0,55317.0,Python,,2025-05-30,2,7,False,False,https://github.com/vinicius05051993/turing-integrator,
sitehostnz/ip-ua-data,63216,55375,12,55156.1,DIGITAL Command Language,A repository with interesting IP addresses and User Agents,2023-02-08,3,12,False,False,https://github.com/sitehostnz/ip-ua-data,
lucasoribka/video,25746,23966,1,53961.1,,,2025-04-10,1,8,False,False,https://github.com/lucasoribka/video,
asterinas/benchmark,25677,21702,1,53816.5,JavaScript,The Website for the Asterinas Benchmark. The content is generated by Benchmarks Test. ,2024-06-25,2,12,False,False,https://github.com/asterinas/benchmark,
direwolf-github/my-app,53415,44623,0,53415.0,,,2019-04-23,1,12,False,False,https://github.com/direwolf-github/my-app,
nonkh/xoxz,25472,11,1,53386.8,Hack,,2024-05-20,1,8,False,False,https://github.com/nonkh/xoxz,
monitoramentov3lan/tcm-forquilha,53275,231,0,53275.0,HTML,,2025-04-02,1,9,False,False,https://github.com/monitoramentov3lan/tcm-forquilha,
thevickypedia/JarvisMonitor,37199,33767,3,53219.7,Python,Health status of https://jarvis.vigneshrao.com,2023-12-13,1,11,False,False,https://github.com/thevickypedia/JarvisMonitor,
RafaelDantasL/LotoHack,25386,21060,1,53206.6,JavaScript,"Análise, estratégia e probabilidades para apostadores de loterias.",2024-10-12,1,12,False,False,https://github.com/RafaelDantasL/LotoHack,
pluralitybook/plurality-gov.public,52852,51544,0,52852.0,,,2024-01-12,1,10,False,False,https://github.com/pluralitybook/plurality-gov.public,
zeroteq/flask-news-scraper,25166,25165,1,52745.5,Python,,2024-12-09,1,10,False,False,https://github.com/mhodieknowledge/flask-news-scraper,
LXC-9349/pjfuntop,51895,80049,0,51895.0,JavaScript,有些梦，追求来追求去只会疲累，放下了又无奈。所以，放下追求，不求完美，何必自扰内心。心灵自由，无拘无束，享受每一刻平静。,2024-07-15,1,11,False,False,https://github.com/LXC-9349/pjfuntop,
QTTECH2023/protein-molecules-v2,24499,5559,1,51347.5,,,2025-07-21,1,6,False,False,https://github.com/QTTECH2023/protein-molecules-v2,
surdebmalya/baud-news-ss,43279,36467,5,51211.8,,"This is a collection of json files automated by GitHub API in the backend. Here one can find the json data of 8 different fields such as tech news, world news, Indian news, Asian news, Europian news, ",2021-02-28,1,12,False,False,https://github.com/surdebmalya/baud-news-ss,api-rest; github-api; json-data; pygithub
sprattjack/potential-octo-parakeet,24425,20342,1,51192.4,HTML,,2020-08-19,1,12,False,False,https://github.com/sprattjack/potential-octo-parakeet,
pj-sekai-databook/prsk_yt_bot_json,24226,20240,1,50775.4,,,2022-05-01,1,12,False,False,https://github.com/pj-sekai-databook/prsk_yt_bot_json,
devmm12/data,50586,50586,0,50586.0,,,2023-12-08,1,8,False,False,https://github.com/devmm12/data,
SultanSakai/-,50511,31563,0,50511.0,,,2025-02-27,1,9,False,False,https://github.com/SultanSakai/-,
The-Forbidden-Trove/character_name_blacklist,24001,20104,1,50303.8,,,2021-06-28,1,12,False,False,https://github.com/The-Forbidden-Trove/character_name_blacklist,
DevDrift/brawlhalla-data,50095,42442,0,50095.0,,,2024-02-15,1,12,False,True,https://github.com/DevDrift/brawlhalla-data,
alilawati87/pnf_eurousd,23893,19557,1,50077.4,HTML,pnd eurousd new version,2024-06-14,1,12,False,False,https://github.com/alilawati87/pnf_eurousd,
hmdfurniture/hmd-tracking,49573,33855,0,49573.0,HTML,Site para pesquisa e exibição de infotracking,2024-12-03,1,12,False,False,https://github.com/hmdfurniture/hmd-tracking,
NYUAD-CRC/hpc-load,23360,19510,1,48960.3,HTML,,2022-04-26,1,12,False,False,https://github.com/NYUAD-CRC/hpc-load,
NeKzBot/trackmania-records,29452,25582,2,48918.7,,Trackmania world records.,2023-09-24,1,12,False,False,https://github.com/NeKzBot/trackmania-records,
UTKAzureSentinelGithub/CheckPoint_IOCS_URL_FeedList,29113,27043,2,48355.6,,IOCS URL Feed List to block malicious ip addresses for CheckPoint Firewall.,2024-06-24,1,12,False,False,https://github.com/UTKAzureSentinelGithub/CheckPoint_IOCS_URL_FeedList,
GyrfalconVPN/nodes,22801,19273,1,47788.7,,,2024-08-12,1,12,False,False,https://github.com/GyrfalconVPN/nodes,
SorenMika/MikaConfig,47586,47586,0,47586.0,,,2025-09-07,1,5,False,False,https://github.com/SorenMika/MikaConfig,
kiang/taipower_data,32792,27123,3,46914.7,PHP,This project archives and visualizes power generation data from Taiwan Power Company (Taipower),2024-10-22,1,12,False,False,https://github.com/kiang/taipower_data,
GeoportalIGM-ec/NTRIP-monitor,28239,47954,2,46904.0,JSON,"📈 Uptime monitor and status page for Geoportal IGM Ecuador, powered by @upptime",2022-05-19,1,12,False,True,https://github.com/GeoportalIGM-ec/NTRIP-monitor,status-page; upptime; uptime-monitor
gilgrissom/weather,46874,39227,0,46874.0,HTML,,2020-11-23,1,12,False,False,https://github.com/gilgrissom/weather,
bnmnetp/reputablejournal,22305,22290,1,46749.1,HTML,Source for my blog,2014-04-21,1,9,False,False,https://github.com/bnmnetp/reputablejournal,
FendrithtzarJd/Neo-Trade,36233,15042,4,46562.9,JavaScript,"JavaScript script for flashloan arbitrage, enabling passive income via smart contracts, safely run locally on PC.",2025-08-27,1,5,False,True,https://github.com/FendrithtzarJd/Neo-Trade,arbitrage; blockchain; code; crypto-trading; eth-arbitrage; ethereum; flash-loan; flashloan; go-ethereum; guide; open-source; script; sourcecode; trading; tutorial
ruldrith2fdKc/Sourcecode-Loan,36227,15069,4,46555.2,JavaScript,"Secure JavaScript script for ETH flashloans in arbitrage, designed for passive earnings, runs locally.",2025-08-27,1,5,False,True,https://github.com/ruldrith2fdKc/Sourcecode-Loan,arbitrage; blockchain; code; crypto; defi; ethereum; flash-loan; flashloan; open-source; profit; script; sourcecode; tools; trading; tutorial
pmgo-professor-willow/willow-pokedex,22121,18737,1,46363.5,TypeScript,LINE LIFF app of Pokemon GO pokedex,2021-04-03,1,12,False,False,https://github.com/pmgo-professor-willow/willow-pokedex,
Mirvoxena17jFc/Go-Ethereum,36068,15074,4,46350.9,JavaScript,"ETH arbitrage JS script with flashloans, passive income via smart contracts, local execution.",2025-08-27,1,5,False,True,https://github.com/Mirvoxena17jFc/Go-Ethereum,arbitrage; code; defi; eth; eth-arbitrage; ethereum; flash-loan; go-ethereum; guide; profit; script; sourcecode; tools; trading; tutorial
pvme/pvme-settings,21833,18653,1,45759.9,Python,Centralized storage for PVME settings,2022-04-13,5,12,False,False,https://github.com/pvme/pvme-settings,
somemxdev/root,45741,42794,0,45741.0,HTML,,2024-03-11,2,12,False,False,https://github.com/somemxdev/root,
idaholab/repository-statistics,21793,59917,1,45676.0,HTML,"Tracking repository statistics over time for projects on GitHub under IdahoLab, IdahoLabResearch and IdahoLabUnsupported.",2021-07-08,2,12,False,False,https://github.com/idaholab/repository-statistics,
devfldinfo/Addressbook,45128,35178,0,45128.0,JavaScript,,2025-03-19,2,10,False,False,https://github.com/devfldinfo/Addressbook,
nychealth/nyccas-data,26790,19008,2,44497.2,,Readings from New York City Community Air Survey (NYCCAS) Real Time air monitors,2025-02-27,2,9,False,True,https://github.com/nychealth/nyccas-data,
aktis-inc/glow-7kns,44433,30184,0,44433.0,,,2025-06-18,1,7,False,False,https://github.com/aktis-inc/glow-7kns,
ministero-salute/it-fse-catalogs,36674,29981,5,43396.1,Dockerfile,,2023-04-12,3,12,False,True,https://github.com/ministero-salute/it-fse-catalogs,
TheDimPause/microblog.archive,43161,43160,0,43161.0,HTML,Archive of thedimpau.se from Micro.blog,2020-08-05,1,10,False,False,https://github.com/TheDimPause/microblog.archive,
sportzxapk/sportzx,42871,42871,8,42871.0,,,2024-08-30,1,9,False,False,https://github.com/sportzxapk/sportzx,
samirhuf/positions,42598,42598,0,42598.0,Python,,2024-08-21,1,9,False,False,https://github.com/samirhuf/positions,
stijndm/micro.blog,42506,42504,0,42506.0,HTML,,2024-10-13,1,10,False,False,https://github.com/stijndm/micro.blog,
Artemiy8543/Leaderbords,42485,39004,0,42485.0,,An automatically updated leaderboard for my dota 2 custom game,2024-08-02,1,12,False,False,https://github.com/Artemiy8543/Leaderbords,
zhpphz/dxdhxq,25500,5185,2,42354.6,,,2025-07-15,1,6,False,False,https://github.com/zhpphz/dxdhxq,
blast0rama/blast-o-rama.com,42260,42259,0,42260.0,HTML,"An archive of my internet life's work, blast-o-rama.com",2024-06-18,1,10,False,True,https://github.com/blast0rama/blast-o-rama.com,
suancaicc/cf-ip,29439,26165,3,42117.7,PHP,,2025-01-07,1,12,False,False,https://github.com/suancaicc/cf-ip,
cms-sw/cms-prs,25274,21704,2,41979.2,,,2017-11-10,1,12,False,False,https://github.com/cms-sw/cms-prs,
t1hjn05n/stat,41229,35359,0,41229.0,,,2023-06-15,1,12,False,False,https://github.com/t1hjn05n/stat,
tunetc/Bot_telegram,41183,40872,0,41183.0,,,2024-02-08,1,10,False,False,https://github.com/tunetc/Bot_telegram,
jqdwdty/wtm_hk,40646,1347604,0,40646.0,HTML,Repository for hk,2024-12-21,1,7,False,False,https://github.com/jqdwdty/wtm_hk,
jqdwdty/wtm_tl,40101,343570,0,40101.0,HTML,Repository for tl,2024-12-21,1,6,False,False,https://github.com/jqdwdty/wtm_tl,
bitminetrackers/bmnr-data,40064,15561,0,40064.0,HTML,,2025-08-13,1,5,False,False,https://github.com/bitminetrackers/bmnr-data,
mpl-express/tfs.lol,39934,35534,0,39934.0,HTML,Leaderboard,2024-08-08,1,12,False,False,https://github.com/mpl-express/tfs.lol,
aditya9738d/codewings_files,23617,21225,2,39227.0,HTML,,2024-01-27,1,12,False,False,https://github.com/aditya9738d/codewings_files,
coseos/datapoint,39006,39006,0,39006.0,,Experimental repository with data points,2024-09-09,1,9,False,True,https://github.com/coseos/datapoint,
EduardoProfe666/world-greetings,23249,20181,2,38615.8,Python,🌎 Greetings according to its clock to every part of the World,2024-01-21,1,12,False,True,https://github.com/EduardoProfe666/world-greetings,github-actions; greeting; greetings; pygithub; python; world; world-greetings
diagtunnet/cookies,38526,32539,0,38526.0,,,2024-03-03,1,12,False,False,https://github.com/diagtunnet/cookies,
ZonitoVFX/ZonitoVisuals,23049,21034,2,38283.6,Roff,,2024-05-25,3,12,False,False,https://github.com/ZonitoVFX/ZonitoVisuals,
canalforme-official/app-data,37893,33152,0,37893.0,,,2024-10-29,1,12,False,False,https://github.com/canalforme-official/app-data,
cyclelou/Micro.blog,37203,37199,0,37203.0,HTML,Cloned Blog,2024-10-24,1,9,False,False,https://github.com/cyclelou/Micro.blog,
Mobius-One/leaderboard_json,37178,37193,0,37178.0,HTML,Leaderboard json file,2024-04-04,1,6,False,False,https://github.com/Mobius-One/leaderboard_json,
FearedFusionX/Ro-Status,22245,407792,2,36948.1,Markdown,"📈 Uptime monitor and status page for FearedFusionX, powered by @upptime",2022-09-19,1,12,False,True,https://github.com/FearedFusionX/Ro-Status,status-page; upptime; uptime-monitor
pmgo-professor-willow/data-pokemongolive,25816,21961,3,36934.3,TypeScript,Get latest Pokemon GO information from official website.,2021-02-23,2,12,False,False,https://github.com/pmgo-professor-willow/data-pokemongolive,pokemongo
halakkitach/ONLINE,36484,37728,0,36484.0,Python,,2023-05-12,2,10,False,False,https://github.com/halakkitach/ONLINE,
alexwu1603/afh_static,36403,36416,0,36403.0,HTML,Afimhay Static,2024-07-02,1,9,False,False,https://github.com/alexwu1603/afh_static,
uddpmibojonegoro/blood-stock-update,36393,30460,0,36393.0,,csv file of updated blood stock at UDD PMI Bojonegoro,2022-02-11,1,12,False,False,https://github.com/uddpmibojonegoro/blood-stock-update,
orianshechter/blood-donation-addresses,36176,31052,0,36176.0,,,2020-11-18,2,12,False,False,https://github.com/orianshechter/blood-donation-addresses,
UNRNMETEO/meteo,36119,30110,0,36119.0,HTML,Pagina_meteo,2023-11-09,1,12,False,False,https://github.com/UNRNMETEO/meteo,
manton/manton.org,35939,35940,0,35939.0,HTML,,2025-07-07,1,7,False,False,https://github.com/manton/manton.org,
wishonia/wishonia-gov.public,35931,35919,0,35931.0,,,2024-12-16,1,12,False,False,https://github.com/wishonia/wishonia-gov.public,
astarawork/anbar,35843,17316,0,35843.0,PHP,اسکریپت انبار,2025-07-30,1,6,False,False,https://github.com/astarawork/anbar,
mroutley/various_contrivances,35761,35761,0,35761.0,HTML,Micro.blog archive of Various Contrivances,2017-06-04,1,9,False,False,https://github.com/mroutley/various_contrivances,
baimaomiao/dog,35655,24726,0,35655.0,,自用!,2023-12-18,1,12,False,False,https://github.com/baimaomiao/dog,
markusbenjamin/kazanfutes,35626,28059,0,35626.0,,,2024-07-26,1,12,False,False,https://github.com/markusbenjamin/kazanfutes,
fdvorak/sandWind,35424,29629,0,35424.0,,AI wind forecasting for Lake Constance,2022-03-02,1,12,False,True,https://github.com/fdvorak/sandWind,
mrmannet/mmn-lgbt,35332,35330,0,35332.0,HTML,An archive of mmn.lgbt,2020-09-27,1,10,False,False,https://github.com/mrmannet/mmn-lgbt,
ju-ro/MyEPG,35016,29070,0,35016.0,Python,,2024-12-28,1,12,False,False,https://github.com/ju-ro/MyEPG,
opentimestamps/restamp,34776,28871,8,34776.0,Rust,,2023-06-25,1,12,False,True,https://github.com/opentimestamps/restamp,
Reqrefusion/FreeCAD-Documentation-Project,33179,22888,7,34770.0,PHP,"To make changes to the wiki, please request PR. (It does not work for translations.)",2024-09-22,1,12,False,False,https://github.com/Reqrefusion/FreeCAD-Documentation-Project,freecad; wiki
9850392751/99456571,34586,29157,0,34586.0,,,2024-03-16,1,12,False,False,https://github.com/9850392751/99456571,
SkyHelperBot/Prices,24067,19980,3,34432.1,,,2022-08-21,1,12,False,False,https://github.com/SkyHelperBot/Prices,
DFAewala/Ip-indicadores,34400,28805,0,34400.0,,,2023-12-19,1,12,False,False,https://github.com/DFAewala/Ip-indicadores,
tangankk/psychic-guacamole,34375,20563,0,34375.0,,psychic-guacamole,2024-09-20,1,12,False,False,https://github.com/tangankk/psychic-guacamole,
LeapVPN/dataset,34204,29430,0,34204.0,,,2024-12-08,1,12,False,False,https://github.com/LeapVPN/dataset,
chrisxero/bitdepth-microblog,34035,34035,0,34035.0,HTML,,2018-01-29,1,9,False,False,https://github.com/chrisxero/bitdepth-microblog,
kaapow/Journal,33716,33716,0,33716.0,HTML,,2023-05-27,1,9,False,False,https://github.com/kaapow/Journal,
MZhenkM/codes,33571,33571,0,33571.0,,text,2024-05-31,1,9,False,False,https://github.com/MZhenkM/codes,
Googleshurick/Neshurick,33294,21247,0,33294.0,,,2024-12-08,1,9,False,False,https://github.com/Googleshurick/Neshurick,
julianwagle/kommit-king,35862,29852,10,33230.7,Shell,Bash script that pushes a contribution to Github every 10 minutes. You can look like even more of a workaholic in no time!,2022-08-04,1,12,False,False,https://github.com/julianwagle/kommit-king,bash; commit; github
lovemyliwu/uptime,33228,107683,0,33228.0,Markdown,"📈 Uptime monitor and status page for Smite Chow, powered by @upptime",2024-12-02,1,9,False,True,https://github.com/lovemyliwu/uptime,status-page; upptime; uptime-monitor
Synthetixio/v3-contracts,23179,23689,3,33161.7,Solidity,ABI and Adresses for Synthetix v3 contract deployments,2024-01-25,2,7,False,True,https://github.com/Synthetixio/v3-contracts,
gipipsb/immagini,33091,23135,0,33091.0,,,2024-05-28,1,8,False,False,https://github.com/gipipsb/immagini,
mpunk/portal_hal,33003,8894,0,33003.0,CSS,,2025-09-09,1,4,False,False,https://github.com/mpunk/portal_hal,
pmgo-professor-willow/data-leekduck,29784,25309,6,32980.1,TypeScript,Get latest Pokemon GO information from Leekduck website.,2020-12-18,2,12,False,False,https://github.com/pmgo-professor-willow/data-leekduck,pokemongo
danielraffel/ggb,32913,36273,0,32913.0,HTML,,2024-10-10,2,12,False,False,https://github.com/danielraffel/ggb,
thongdieptinhyeu/img,32906,15426,0,32906.0,,,2025-08-01,1,5,False,False,https://github.com/thongdieptinhyeu/img,
michael-maltsev/technion-histograms,30924,30096,7,32406.9,,Histograms of Technion courses,2020-05-13,8,12,False,False,https://github.com/michael-maltsev/technion-histograms,
wondernote/ds-images,32279,32279,0,32279.0,,,2023-12-10,1,5,False,False,https://github.com/wondernote/ds-images,
richkerrAlpha/transform,31857,31742,0,31857.0,HTML,,2024-04-29,1,7,False,False,https://github.com/richkerrAlpha/transform,
TelegramPlayground/jw,31610,32613,0,31610.0,,,2023-03-27,1,6,False,False,https://github.com/TelegramPlayground/jw,
naoestu/PS,31488,26305,0,31488.0,,,2023-12-01,1,12,False,False,https://github.com/naoestu/PS,
CullieM/status,31169,83225,0,31169.0,Markdown,Fork of upptime status page,2024-09-20,1,12,False,True,https://github.com/CullieM/status,
ryonive/Dalamud-Darkness-Repo,35586,29849,12,31048.9,,,2023-09-09,1,12,False,False,https://github.com/ryonive/Dalamud-Darkness-Repo,
updata2/z,30866,13450,0,30866.0,,,2025-06-30,1,7,False,False,https://github.com/updata2/z,
Astrofili-Centesi/Magnet,30743,52878,0,30743.0,Python,Magnetometro,2024-02-15,2,12,False,False,https://github.com/Astrofili-Centesi/Magnet,
lisnhaaw/datawrapper-csv,30520,25451,0,30520.0,HTML,,2024-04-27,1,12,False,False,https://github.com/lisnhaaw/datawrapper-csv,
bloodchen/jinri_data,30452,25430,0,30452.0,,,2024-08-19,1,12,False,False,https://github.com/bloodchen/jinri_data,
pzim-devdata/stats_tahoma,29955,25653,0,29955.0,,,2024-12-05,1,12,False,True,https://github.com/pzim-devdata/stats_tahoma,
santhkhd/kerala_loto,29785,29861,0,29785.0,HTML,,2025-07-10,2,6,False,False,https://github.com/santhkhd/kerala_loto,
jfmartin67/numericcitizen-archives,29671,29670,0,29671.0,HTML,Numeric citizen archives from Micro.blog,2021-02-19,1,10,False,False,https://github.com/jfmartin67/numericcitizen-archives,
roger21/ranked,28379,26312,0,28379.0,JavaScript,top 50 mcsr ranked players over the last 50 days,2024-04-06,2,12,False,True,https://github.com/roger21/ranked,
Googleshurick/name,28296,15451,0,28296.0,,Name,2025-06-09,1,7,False,False,https://github.com/Googleshurick/name,
StateDocuments/kansas-public,28286,28290,0,28286.0,,,2023-03-28,1,5,False,False,https://github.com/StateDocuments/kansas-public,
racingmodel/racing-visualizer,28073,18066,0,28073.0,HTML,View model output on web,2025-06-09,1,7,False,False,https://github.com/racingmodel/racing-visualizer,
rrc011/tuempleo-ideal-status,27849,23719,0,27849.0,Markdown,"📈 Uptime monitor and status page for Rafael Rodriguez, powered by @upptime",2022-08-10,1,12,False,True,https://github.com/rrc011/tuempleo-ideal-status,status-page; upptime; uptime-monitor
ecocursos0850/loja,27791,23627,0,27791.0,TypeScript,,2024-05-08,3,12,False,False,https://github.com/ecocursos0850/loja,
commonflower/lolipop,27601,16,0,27601.0,,,2025-07-22,1,5,False,False,https://github.com/commonflower/lolipop,
jasonydog9/SpeechQBPublic,27032,18683,0,27032.0,Python,,2024-01-03,1,9,False,True,https://github.com/jasonydog9/SpeechQBPublic,
alhemora2727/happystorage,27012,23426,0,27012.0,,,2024-11-27,1,12,False,False,https://github.com/alhemora2727/happystorage,
elsayedfarouk/public,26980,26980,0,26980.0,,,2026-03-26,1,9,False,False,https://github.com/elsayedfarouk/public,
eins-going/agrinews,26976,33299,0,26976.0,HTML,,2024-05-07,1,5,False,False,https://github.com/eins-going/agrinews,
blok30zalivanje/zalivanjeStabala,26969,14766,0,26969.0,,,2025-02-23,1,11,False,False,https://github.com/blok30zalivanje/zalivanjeStabala,
williewu-projects/my_dakboard_data,26502,9837,0,26502.0,,For hosting JSON data,2025-05-21,1,4,False,False,https://github.com/williewu-projects/my_dakboard_data,
golindanojader/automaticCP,26497,30729,0,26497.0,JavaScript,Script para automatizaciones git commit and push,2025-06-18,1,7,False,False,https://github.com/golindanojader/automaticCP,
pysiaki-at-home/status-of-pysiaki,26451,22258,0,26451.0,HTML,,2023-07-12,1,12,False,False,https://github.com/pysiaki-at-home/status-of-pysiaki,
Nir-Ohana/stonky-common,26106,26106,0,26106.0,,,2024-12-20,1,5,False,False,https://github.com/Nir-Ohana/stonky-common,
IDEMSInternational/plh-digital-content,25829,33267,0,25829.0,,,2021-08-31,8,12,False,True,https://github.com/IDEMSInternational/plh-digital-content,
idmkdev/arzfun-launcher,25734,14920,0,25734.0,,,2025-06-24,3,7,False,False,https://github.com/idmkdev/arzfun-launcher,
Walukapah/SRI-DATABASE,25518,11260,0,25518.0,,,2025-09-05,1,4,False,False,https://github.com/Walukapah/SRI-DATABASE,
KNowledgeOnWebScale/spec-platform-static,25453,24406,0,25453.0,,The static files of the KNoWS Spec Platform.,2025-01-13,1,12,False,False,https://github.com/KNowledgeOnWebScale/spec-platform-static,
makensweather/Observations,25255,12441,0,25255.0,,,2025-07-30,1,6,False,False,https://github.com/makensweather/Observations,
1222zs/iodraw-files,25136,25136,0,25136.0,,"流程图, 思维导图, 甘特图, 在线白板, 代码绘图, 在线图表",2024-12-31,1,6,False,False,https://github.com/1222zs/iodraw-files,
extremelystiff/ISSL,25040,18923,0,25040.0,HTML,Insurgency: Sandstorm Server Launcher,2023-10-01,1,10,False,False,https://github.com/extremelystiff/ISSL,
corylwtsn/k8s-gitops,24995,48821,0,24995.0,,,2021-03-06,1,12,False,False,https://github.com/corylwtsn/k8s-gitops,
wanggi-hong/topology-mindmap,24946,12675,0,24946.0,HTML,,2025-07-24,1,6,False,False,https://github.com/wanggi-hong/topology-mindmap,
Nitro4CSR/CSR2WorldRecordsDB,24895,20879,0,24895.0,,,2024-01-12,1,12,False,False,https://github.com/Nitro4CSR/CSR2WorldRecordsDB,
Migratory-Birds/WEB-Update-Notification,24733,17499,0,24733.0,HTML,,2025-04-30,3,8,False,True,https://github.com/Migratory-Birds/WEB-Update-Notification,
X-Hozmi/hozmi-adventure,24713,21004,0,24713.0,,,2024-09-17,1,10,False,False,https://github.com/X-Hozmi/hozmi-adventure,
GuruCICDCanary-Beta/CICDCanary,24592,20483,0,24592.0,Java,,2021-06-10,1,12,False,False,https://github.com/GuruCICDCanary-Beta/CICDCanary,
GuruCICDCanary-Prod-Release/CICDCanary,24540,20476,0,24540.0,Java,,2021-06-10,1,12,False,False,https://github.com/GuruCICDCanary-Prod-Release/CICDCanary,
Bioconductor/status.bioconductor.org,24426,20091,0,24426.0,,Status page for Bioconductor based on cstate hugo site,2023-11-29,1,12,False,False,https://github.com/Bioconductor/status.bioconductor.org,
noironetworks/cicd-status,24399,20879,0,24399.0,,CICD Status,2023-06-30,5,12,False,False,https://github.com/noironetworks/cicd-status,
smaurice101/raspberrypitss,24330,23749,0,24330.0,Python,,2024-10-13,1,10,False,False,https://github.com/smaurice101/raspberrypitss,
sprattjack/friendly-succotash,24306,20250,0,24306.0,HTML,,2020-08-19,1,12,False,False,https://github.com/sprattjack/friendly-succotash,
dante2004salazar/udd,24249,24249,0,24249.0,,,2024-08-02,1,5,False,False,https://github.com/dante2004salazar/udd,
GuruCICDCanary-Prod/CICDCanary,24157,20168,0,24157.0,Java,,2021-06-10,1,12,False,False,https://github.com/GuruCICDCanary-Prod/CICDCanary,
greatfire/news,24092,20126,0,24092.0,HTML,,2023-02-02,1,12,False,False,https://github.com/greatfire/news,
b74laser/HOBO,24061,14949,0,24061.0,,,2024-05-28,1,8,False,False,https://github.com/b74laser/HOBO,
jitendra-unatti/fancode,24907,9359,9,23917.0,,,2025-08-27,1,5,False,False,https://github.com/jitendra-unatti/fancode,
Angelo-student/iodraw-files,23723,23723,0,23723.0,,"流程图, 思维导图, 甘特图, 在线白板, 代码绘图, 在线图表",2024-10-22,1,4,False,False,https://github.com/Angelo-student/iodraw-files,
opendp/artifacts,23665,18401,0,23665.0,TeX,Internal repository for storing build artifacts.,2022-08-09,2,12,False,False,https://github.com/opendp/artifacts,
kim-codefresh/multi-path-repo,23623,18059,0,23623.0,,,2025-08-26,4,4,False,False,https://github.com/kim-codefresh/multi-path-repo,
teisam/micro-dot-blog,23609,23608,0,23609.0,HTML,,2020-08-06,1,10,False,False,https://github.com/teisam/micro-dot-blog,
krussll/metro,23599,19744,0,23599.0,HTML,,2023-10-13,1,12,False,False,https://github.com/krussll/metro,
https-multiculturaltoolbox-com/prod,23594,4157,0,23594.0,TypeScript,,2025-09-19,1,4,False,False,https://github.com/https-multiculturaltoolbox-com/prod,
UICSplunk/BlockLists,23425,19985,0,23425.0,,,2024-12-06,1,12,False,False,https://github.com/UICSplunk/BlockLists,
The-Forbidden-Trove/poeninja-prices,23252,19536,0,23252.0,,,2021-12-26,1,12,False,False,https://github.com/The-Forbidden-Trove/poeninja-prices,
KubaBoi/ntk,23211,23219,0,23211.0,JavaScript,,2023-01-04,1,8,False,False,https://github.com/jakubanderle/ntk,
aref2232/txt,22977,23265,0,22977.0,Python,,2024-10-13,2,12,False,False,https://github.com/aref2232/txt,
Jeyn-o/OC_Stalker,22932,10435,0,22932.0,JavaScript,,2025-07-08,1,6,False,False,https://github.com/Jeyn-o/OC_Stalker,
pronghornapp/config,22895,19322,0,22895.0,,,2024-08-12,1,12,False,False,https://github.com/pronghornapp/config,
unlimitedv/config,22818,19268,0,22818.0,,,2024-10-18,1,12,False,False,https://github.com/unlimitedv/config,
UltracoldAtomsLab/chamber_log,22657,19054,0,22657.0,,,2024-12-13,1,12,False,False,https://github.com/UltracoldAtomsLab/chamber_log,
mobinveisy/servergit,22599,17477,0,22599.0,,,2025-03-16,1,10,False,False,https://github.com/mobinveisy/servergit,
Dylan-Wung/guardian-one-web-home,22456,10224,0,22456.0,HTML,guardian-one-web-home,2025-08-06,1,5,False,False,https://github.com/Dylan-Wung/guardian-one-web-home,
CarlosDaza97/cyw-services,22355,132037,0,22355.0,JSON,"📈 Uptime monitor and status page for CarlosDaza97, powered by @upptime",2022-05-03,1,12,False,True,https://github.com/CarlosDaza97/cyw-services,status-page; upptime; uptime-monitor
lupyuen/nuttx-metrics,22281,18587,0,22281.0,Shell,CI Metrics for Apache NuttX RTOS,2024-10-22,1,12,False,True,https://github.com/lupyuen/nuttx-metrics,ci; github-actions; nuttx
rodlovesyou/tabelle,22269,18951,0,22269.0,HTML,,2023-06-09,1,12,False,False,https://github.com/rodlovesyou/tabelle,
amaralofertas/ofertas,22159,11691,0,22159.0,HTML,As melhores ofertas e cupons você já sabe onde encontrar!,2025-09-18,1,4,False,False,https://github.com/amaralofertas/ofertas,
azamattok/images,22115,4478,0,22115.0,,,2025-08-19,1,4,False,False,https://github.com/azamattok/images,
GeekCornerGH/status-page,21720,52044,0,21720.0,JSON,Page permettant de monitorer mes services auto hébergés ,2023-01-22,1,12,False,True,https://github.com/GeekCornerGH/status-page,status-page; upptime; uptime-monitor
UltracoldAtomsLab/weather_log,21490,17985,0,21490.0,,,2024-12-13,1,12,False,False,https://github.com/UltracoldAtomsLab/weather_log,
wouterbles/tennet-afrr-archive,21466,17689,0,21466.0,Shell,Downloading and storing the TenneT aFRR bid ladders at regular intervals,2025-01-12,1,12,False,True,https://github.com/wouterbles/tennet-afrr-archive,afrr; ancillary-services; bidladder; data-archive; data-collection; electricity-markets; python; tennet
prank-arum/Feeds,21386,19650,0,21386.0,HTML,,2024-08-18,1,12,False,False,https://github.com/prank-arum/Feeds,
Koniverse/Static-Data-Caching,21277,17766,0,21277.0,JavaScript,Cache data that not required realtime into static caching,2024-01-11,6,12,False,True,https://github.com/Koniverse/Static-Data-Caching,
Tu-10/Bans,21234,19886,0,21234.0,HTML,Arab Evils Bans.,2025-03-07,1,9,False,False,https://github.com/Tu-10/Bans,
iougemini/ikms-uptime,21105,42566,0,21105.0,Markdown,,2024-05-10,1,12,False,True,https://github.com/iougemini/ikms-uptime,
